[
{
  "pk": 1, 
  "model": "sites.site", 
  "fields": {
    "domain": "example.com", 
    "name": "example.com"
  }
},
{
  "pk": 2, 
  "model": "sites.site", 
  "fields": {
    "domain": "example.net", 
    "name": "Another Site"
  }
},
{
  "pk": 1, 
  "model": "cms.placeholder", 
  "fields": {
    "slot": "template_1_content", 
    "default_width": null
  }
},
{
  "pk": 2, 
  "model": "cms.placeholder", 
  "fields": {
    "slot": "base_content", 
    "default_width": null
  }
},
{
  "pk": 3, 
  "model": "cms.placeholder", 
  "fields": {
    "slot": "template_1_content", 
    "default_width": null
  }
},
{
  "pk": 4, 
  "model": "cms.placeholder", 
  "fields": {
    "slot": "base_content", 
    "default_width": null
  }
},
{
  "pk": 5, 
  "model": "cms.placeholder", 
  "fields": {
    "slot": "template_1_content", 
    "default_width": null
  }
},
{
  "pk": 6, 
  "model": "cms.placeholder", 
  "fields": {
    "slot": "base_content", 
    "default_width": null
  }
},
{
  "pk": 7, 
  "model": "cms.placeholder", 
  "fields": {
    "slot": "template_1_content", 
    "default_width": null
  }
},
{
  "pk": 8, 
  "model": "cms.placeholder", 
  "fields": {
    "slot": "base_content", 
    "default_width": null
  }
},
{
  "pk": 9, 
  "model": "cms.placeholder", 
  "fields": {
    "slot": "template_1_content", 
    "default_width": null
  }
},
{
  "pk": 10, 
  "model": "cms.placeholder", 
  "fields": {
    "slot": "base_content", 
    "default_width": null
  }
},
{
  "pk": 11, 
  "model": "cms.placeholder", 
  "fields": {
    "slot": "template_1_content", 
    "default_width": null
  }
},
{
  "pk": 12, 
  "model": "cms.placeholder", 
  "fields": {
    "slot": "base_content", 
    "default_width": null
  }
},
{
  "pk": 13, 
  "model": "cms.placeholder", 
  "fields": {
    "slot": "template_1_content", 
    "default_width": null
  }
},
{
  "pk": 14, 
  "model": "cms.placeholder", 
  "fields": {
    "slot": "base_content", 
    "default_width": null
  }
},
{
  "pk": 15, 
  "model": "cms.placeholder", 
  "fields": {
    "slot": "template_1_content", 
    "default_width": null
  }
},
{
  "pk": 16, 
  "model": "cms.placeholder", 
  "fields": {
    "slot": "base_content", 
    "default_width": null
  }
},
{
  "pk": 1, 
  "model": "cms.cmsplugin", 
  "fields": {
    "rght": 2, 
    "changed_date": "2013-05-30T00:00:18.994Z", 
    "parent": null, 
    "language": "en", 
    "level": 0, 
    "creation_date": "2013-05-30T00:00:06.366Z", 
    "lft": 1, 
    "tree_id": 1, 
    "position": 0, 
    "placeholder": 1, 
    "plugin_type": "TextPlugin"
  }
},
{
  "pk": 2, 
  "model": "cms.cmsplugin", 
  "fields": {
    "rght": 2, 
    "changed_date": "2013-05-30T00:00:53.349Z", 
    "parent": null, 
    "language": "en", 
    "level": 0, 
    "creation_date": "2013-05-30T00:00:06.366Z", 
    "lft": 1, 
    "tree_id": 2, 
    "position": 0, 
    "placeholder": 3, 
    "plugin_type": "TextPlugin"
  }
},
{
  "pk": 3, 
  "model": "cms.cmsplugin", 
  "fields": {
    "rght": 2, 
    "changed_date": "2013-05-30T00:08:06.200Z", 
    "parent": null, 
    "language": "en", 
    "level": 0, 
    "creation_date": "2013-05-30T00:08:00.629Z", 
    "lft": 1, 
    "tree_id": 3, 
    "position": 0, 
    "placeholder": 5, 
    "plugin_type": "TextPlugin"
  }
},
{
  "pk": 4, 
  "model": "cms.cmsplugin", 
  "fields": {
    "rght": 2, 
    "changed_date": "2013-05-30T00:08:12.212Z", 
    "parent": null, 
    "language": "en", 
    "level": 0, 
    "creation_date": "2013-05-30T00:08:00.629Z", 
    "lft": 1, 
    "tree_id": 4, 
    "position": 0, 
    "placeholder": 7, 
    "plugin_type": "TextPlugin"
  }
},
{
  "pk": 5, 
  "model": "cms.cmsplugin", 
  "fields": {
    "rght": 2, 
    "changed_date": "2013-05-30T00:09:46.909Z", 
    "parent": null, 
    "language": "en", 
    "level": 0, 
    "creation_date": "2013-05-30T00:09:41.254Z", 
    "lft": 1, 
    "tree_id": 5, 
    "position": 0, 
    "placeholder": 13, 
    "plugin_type": "TextPlugin"
  }
},
{
  "pk": 6, 
  "model": "cms.cmsplugin", 
  "fields": {
    "rght": 2, 
    "changed_date": "2013-05-30T00:09:51.352Z", 
    "parent": null, 
    "language": "en", 
    "level": 0, 
    "creation_date": "2013-05-30T00:09:41.254Z", 
    "lft": 1, 
    "tree_id": 6, 
    "position": 0, 
    "placeholder": 15, 
    "plugin_type": "TextPlugin"
  }
},
{
  "pk": 7, 
  "model": "cms.cmsplugin", 
  "fields": {
    "rght": 2, 
    "changed_date": "2013-05-30T00:10:03.756Z", 
    "parent": null, 
    "language": "en", 
    "level": 0, 
    "creation_date": "2013-05-30T00:09:58.850Z", 
    "lft": 1, 
    "tree_id": 7, 
    "position": 0, 
    "placeholder": 9, 
    "plugin_type": "TextPlugin"
  }
},
{
  "pk": 8, 
  "model": "cms.cmsplugin", 
  "fields": {
    "rght": 2, 
    "changed_date": "2013-05-30T00:10:07.471Z", 
    "parent": null, 
    "language": "en", 
    "level": 0, 
    "creation_date": "2013-05-30T00:09:58.850Z", 
    "lft": 1, 
    "tree_id": 8, 
    "position": 0, 
    "placeholder": 11, 
    "plugin_type": "TextPlugin"
  }
},
{
  "pk": 1, 
  "model": "cms.page", 
  "fields": {
    "rght": 2, 
    "navigation_extenders": "", 
    "site": 1, 
    "creation_date": "2013-05-29T23:58:31.900Z", 
    "lft": 1, 
    "in_navigation": false, 
    "reverse_id": null, 
    "login_required": false, 
    "created_by": "arthur", 
    "publication_end_date": null, 
    "template": "template_1.html", 
    "tree_id": 1, 
    "placeholders": [
      1, 
      2
    ], 
    "changed_date": "2013-05-30T00:00:53.365Z", 
    "limit_visibility_in_menu": null, 
    "parent": null, 
    "publisher_state": 0, 
    "soft_root": false, 
    "publication_date": "2013-05-29T23:58:49.580Z", 
    "publisher_public": 2, 
    "level": 0, 
    "changed_by": "arthur", 
    "publisher_is_draft": true, 
    "published": true
  }
},
{
  "pk": 2, 
  "model": "cms.page", 
  "fields": {
    "rght": 2, 
    "navigation_extenders": "", 
    "site": 1, 
    "creation_date": "2013-05-29T23:58:54.523Z", 
    "lft": 1, 
    "in_navigation": false, 
    "reverse_id": null, 
    "login_required": false, 
    "created_by": "arthur", 
    "publication_end_date": null, 
    "template": "template_1.html", 
    "tree_id": 2, 
    "placeholders": [
      3, 
      4
    ], 
    "changed_date": "2013-05-30T00:00:53.295Z", 
    "limit_visibility_in_menu": null, 
    "parent": null, 
    "publisher_state": 0, 
    "soft_root": false, 
    "publication_date": "2013-05-29T23:58:49.580Z", 
    "publisher_public": 1, 
    "level": 0, 
    "changed_by": "arthur", 
    "publisher_is_draft": false, 
    "published": true
  }
},
{
  "pk": 3, 
  "model": "cms.page", 
  "fields": {
    "rght": 2, 
    "navigation_extenders": "", 
    "site": 1, 
    "creation_date": "2013-05-30T00:07:53.255Z", 
    "lft": 1, 
    "in_navigation": false, 
    "reverse_id": null, 
    "login_required": false, 
    "created_by": "arthur", 
    "publication_end_date": null, 
    "template": "template_1.html", 
    "tree_id": 4, 
    "placeholders": [
      5, 
      6
    ], 
    "changed_date": "2013-05-30T00:08:12.227Z", 
    "limit_visibility_in_menu": null, 
    "parent": null, 
    "publisher_state": 0, 
    "soft_root": false, 
    "publication_date": "2013-05-30T00:08:07.223Z", 
    "publisher_public": 4, 
    "level": 0, 
    "changed_by": "arthur", 
    "publisher_is_draft": true, 
    "published": true
  }
},
{
  "pk": 4, 
  "model": "cms.page", 
  "fields": {
    "rght": 2, 
    "navigation_extenders": "", 
    "site": 1, 
    "creation_date": "2013-05-30T00:08:12.146Z", 
    "lft": 1, 
    "in_navigation": false, 
    "reverse_id": null, 
    "login_required": false, 
    "created_by": "arthur", 
    "publication_end_date": null, 
    "template": "template_1.html", 
    "tree_id": 3, 
    "placeholders": [
      7, 
      8
    ], 
    "changed_date": "2013-05-30T00:08:12.146Z", 
    "limit_visibility_in_menu": null, 
    "parent": null, 
    "publisher_state": 0, 
    "soft_root": false, 
    "publication_date": "2013-05-30T00:08:07.122Z", 
    "publisher_public": 3, 
    "level": 0, 
    "changed_by": "arthur", 
    "publisher_is_draft": false, 
    "published": true
  }
},
{
  "pk": 5, 
  "model": "cms.page", 
  "fields": {
    "rght": 2, 
    "navigation_extenders": "", 
    "site": 2, 
    "creation_date": "2013-05-30T00:09:16.546Z", 
    "lft": 1, 
    "in_navigation": false, 
    "reverse_id": null, 
    "login_required": false, 
    "created_by": "arthur", 
    "publication_end_date": null, 
    "template": "template_1.html", 
    "tree_id": 5, 
    "placeholders": [
      9, 
      10
    ], 
    "changed_date": "2013-05-30T00:10:07.486Z", 
    "limit_visibility_in_menu": null, 
    "parent": null, 
    "publisher_state": 0, 
    "soft_root": false, 
    "publication_date": "2013-05-30T00:09:16.717Z", 
    "publisher_public": 6, 
    "level": 0, 
    "changed_by": "arthur", 
    "publisher_is_draft": true, 
    "published": true
  }
},
{
  "pk": 6, 
  "model": "cms.page", 
  "fields": {
    "rght": 2, 
    "navigation_extenders": "", 
    "site": 2, 
    "creation_date": "2013-05-30T00:09:21.673Z", 
    "lft": 1, 
    "in_navigation": false, 
    "reverse_id": null, 
    "login_required": false, 
    "created_by": "arthur", 
    "publication_end_date": null, 
    "template": "template_1.html", 
    "tree_id": 6, 
    "placeholders": [
      11, 
      12
    ], 
    "changed_date": "2013-05-30T00:10:07.411Z", 
    "limit_visibility_in_menu": null, 
    "parent": null, 
    "publisher_state": 0, 
    "soft_root": false, 
    "publication_date": "2013-05-30T00:09:16.717Z", 
    "publisher_public": 5, 
    "level": 0, 
    "changed_by": "arthur", 
    "publisher_is_draft": false, 
    "published": true
  }
},
{
  "pk": 7, 
  "model": "cms.page", 
  "fields": {
    "rght": 2, 
    "navigation_extenders": "", 
    "site": 2, 
    "creation_date": "2013-05-30T00:09:33.605Z", 
    "lft": 1, 
    "in_navigation": false, 
    "reverse_id": null, 
    "login_required": false, 
    "created_by": "arthur", 
    "publication_end_date": null, 
    "template": "template_1.html", 
    "tree_id": 8, 
    "placeholders": [
      13, 
      14
    ], 
    "changed_date": "2013-05-30T00:09:51.367Z", 
    "limit_visibility_in_menu": null, 
    "parent": null, 
    "publisher_state": 0, 
    "soft_root": false, 
    "publication_date": "2013-05-30T00:09:46.362Z", 
    "publisher_public": 8, 
    "level": 0, 
    "changed_by": "arthur", 
    "publisher_is_draft": true, 
    "published": true
  }
},
{
  "pk": 8, 
  "model": "cms.page", 
  "fields": {
    "rght": 2, 
    "navigation_extenders": "", 
    "site": 2, 
    "creation_date": "2013-05-30T00:09:51.277Z", 
    "lft": 1, 
    "in_navigation": false, 
    "reverse_id": null, 
    "login_required": false, 
    "created_by": "arthur", 
    "publication_end_date": null, 
    "template": "template_1.html", 
    "tree_id": 7, 
    "placeholders": [
      15, 
      16
    ], 
    "changed_date": "2013-05-30T00:09:51.277Z", 
    "limit_visibility_in_menu": null, 
    "parent": null, 
    "publisher_state": 0, 
    "soft_root": false, 
    "publication_date": "2013-05-30T00:09:46.264Z", 
    "publisher_public": 7, 
    "level": 0, 
    "changed_by": "arthur", 
    "publisher_is_draft": false, 
    "published": true
  }
},
{
  "pk": 1, 
  "model": "cms.title", 
  "fields": {
    "menu_title": null, 
    "redirect": null, 
    "meta_keywords": null, 
    "page_title": null, 
    "language": "en", 
    "title": "Hello", 
    "has_url_overwrite": false, 
    "application_urls": null, 
    "creation_date": "2013-05-29T23:58:31.930Z", 
    "page": 1, 
    "path": "", 
    "meta_description": null, 
    "slug": "hello"
  }
},
{
  "pk": 2, 
  "model": "cms.title", 
  "fields": {
    "menu_title": null, 
    "redirect": null, 
    "meta_keywords": null, 
    "page_title": null, 
    "language": "en", 
    "title": "Hello", 
    "has_url_overwrite": false, 
    "application_urls": null, 
    "creation_date": "2013-05-29T23:58:31.930Z", 
    "page": 2, 
    "path": "", 
    "meta_description": null, 
    "slug": "hello"
  }
},
{
  "pk": 3, 
  "model": "cms.title", 
  "fields": {
    "menu_title": "", 
    "redirect": "", 
    "meta_keywords": "", 
    "page_title": "", 
    "language": "en", 
    "title": "Second", 
    "has_url_overwrite": false, 
    "application_urls": "", 
    "creation_date": "2013-05-30T00:07:53.307Z", 
    "page": 3, 
    "path": "second", 
    "meta_description": "", 
    "slug": "second"
  }
},
{
  "pk": 4, 
  "model": "cms.title", 
  "fields": {
    "menu_title": "", 
    "redirect": "", 
    "meta_keywords": "", 
    "page_title": "", 
    "language": "en", 
    "title": "Second", 
    "has_url_overwrite": false, 
    "application_urls": "", 
    "creation_date": "2013-05-30T00:07:53.307Z", 
    "page": 4, 
    "path": "second", 
    "meta_description": "", 
    "slug": "second"
  }
},
{
  "pk": 5, 
  "model": "cms.title", 
  "fields": {
    "menu_title": null, 
    "redirect": null, 
    "meta_keywords": null, 
    "page_title": null, 
    "language": "en", 
    "title": "Home", 
    "has_url_overwrite": false, 
    "application_urls": null, 
    "creation_date": "2013-05-30T00:09:16.571Z", 
    "page": 5, 
    "path": "", 
    "meta_description": null, 
    "slug": "home"
  }
},
{
  "pk": 6, 
  "model": "cms.title", 
  "fields": {
    "menu_title": null, 
    "redirect": null, 
    "meta_keywords": null, 
    "page_title": null, 
    "language": "en", 
    "title": "Home", 
    "has_url_overwrite": false, 
    "application_urls": null, 
    "creation_date": "2013-05-30T00:09:16.571Z", 
    "page": 6, 
    "path": "home", 
    "meta_description": null, 
    "slug": "home"
  }
},
{
  "pk": 7, 
  "model": "cms.title", 
  "fields": {
    "menu_title": null, 
    "redirect": null, 
    "meta_keywords": null, 
    "page_title": null, 
    "language": "en", 
    "title": "Test", 
    "has_url_overwrite": false, 
    "application_urls": null, 
    "creation_date": "2013-05-30T00:09:33.634Z", 
    "page": 7, 
    "path": "test", 
    "meta_description": null, 
    "slug": "test"
  }
},
{
  "pk": 8, 
  "model": "cms.title", 
  "fields": {
    "menu_title": null, 
    "redirect": null, 
    "meta_keywords": null, 
    "page_title": null, 
    "language": "en", 
    "title": "Test", 
    "has_url_overwrite": false, 
    "application_urls": null, 
    "creation_date": "2013-05-30T00:09:33.634Z", 
    "page": 8, 
    "path": "test", 
    "meta_description": null, 
    "slug": "test"
  }
},
{
  "pk": 1, 
  "model": "text.text", 
  "fields": {
    "body": "<p>My first text plugin.</p>"
  }
},
{
  "pk": 2, 
  "model": "text.text", 
  "fields": {
    "body": "<p>My first text plugin.</p>"
  }
},
{
  "pk": 3, 
  "model": "text.text", 
  "fields": {
    "body": "<p>A second page.</p>"
  }
},
{
  "pk": 4, 
  "model": "text.text", 
  "fields": {
    "body": "<p>A second page.</p>"
  }
},
{
  "pk": 5, 
  "model": "text.text", 
  "fields": {
    "body": "<p>The test page.</p>"
  }
},
{
  "pk": 6, 
  "model": "text.text", 
  "fields": {
    "body": "<p>The test page.</p>"
  }
},
{
  "pk": 7, 
  "model": "text.text", 
  "fields": {
    "body": "<p>Second site home.</p>"
  }
},
{
  "pk": 8, 
  "model": "text.text", 
  "fields": {
    "body": "<p>Second site home.</p>"
  }
}
]
